Sample,Species,Crustacean,Condition,Water,Type,Region,Study
BSF1,Marron,Crayfish,Diet,Freshwater,Paired,V3V4,Foysal2021
BSF2,Marron,Crayfish,Diet,Freshwater,Paired,V3V4,Foysal2021
BSF3,Marron,Crayfish,Diet,Freshwater,Paired,V3V4,Foysal2021
BSF4,Marron,Crayfish,Diet,Freshwater,Paired,V3V4,Foysal2021
BSF5,Marron,Crayfish,Diet,Freshwater,Paired,V3V4,Foysal2021
BSFLP1,Marron,Crayfish,Diet,Freshwater,Paired,V3V4,Foysal2021
BSFLP2,Marron,Crayfish,Diet,Freshwater,Paired,V3V4,Foysal2021
BSFLP3,Marron,Crayfish,Diet,Freshwater,Paired,V3V4,Foysal2021
BSFLP4,Marron,Crayfish,Diet,Freshwater,Paired,V3V4,Foysal2021
BSFLP5,Marron,Crayfish,Diet,Freshwater,Paired,V3V4,Foysal2021
C1,Marron,Crayfish,Diet,Freshwater,Paired,V3V4,Foysal2020c
C10,Marron,Crayfish,Diet,Freshwater,Paired,V3V4,Foysal2020c
C11,Marron,Crayfish,Diet,Freshwater,Paired,V3V4,Foysal2020c
C12,Marron,Crayfish,Diet,Freshwater,Paired,V3V4,Foysal2020c
C2,Marron,Crayfish,Diet,Freshwater,Paired,V3V4,Foysal2020c
C3,Marron,Crayfish,Diet,Freshwater,Paired,V3V4,Foysal2020c
C4,Marron,Crayfish,Diet,Freshwater,Paired,V3V4,Foysal2020c
C5,Marron,Crayfish,Diet,Freshwater,Paired,V3V4,Foysal2020c
C7,Marron,Crayfish,Diet,Freshwater,Paired,V3V4,Foysal2020c
C8,Marron,Crayfish,Diet,Freshwater,Paired,V3V4,Foysal2020c
C9,Marron,Crayfish,Diet,Freshwater,Paired,V3V4,Foysal2020c
CMC33,Chinese_mitten_crab,Crab,Health,Freshwater,Paired,V3V4,Dong2018
CMC34,Chinese_mitten_crab,Crab,Health,Freshwater,Paired,V3V4,Dong2018
CMC35,Chinese_mitten_crab,Crab,Health,Freshwater,Paired,V3V4,Dong2018
CMC36,Chinese_mitten_crab,Crab,Health,Freshwater,Paired,V3V4,Dong2018
CMC37,Chinese_mitten_crab,Crab,Health,Freshwater,Paired,V3V4,Dong2018
CMC38,Chinese_mitten_crab,Crab,Health,Freshwater,Paired,V3V4,Dong2018
CMC39,Chinese_mitten_crab,Crab,Health,Freshwater,Paired,V3V4,Dong2018
CMC40,Chinese_mitten_crab,Crab,Health,Freshwater,Paired,V3V4,Dong2018
CMC537,Chinese_mitten_crab,Crab,Environment,Freshwater,Paired,V3V4,Su2020
CMC538,Chinese_mitten_crab,Crab,Environment,Freshwater,Paired,V3V4,Su2020
CMC539,Chinese_mitten_crab,Crab,Environment,Freshwater,Paired,V3V4,Su2020
CMC540,Chinese_mitten_crab,Crab,Environment,Freshwater,Paired,V3V4,Su2020
CMC541,Chinese_mitten_crab,Crab,Environment,Freshwater,Paired,V3V4,Su2020
CMC542,Chinese_mitten_crab,Crab,Environment,Freshwater,Paired,V3V4,Su2020
CMC543,Chinese_mitten_crab,Crab,Environment,Freshwater,Paired,V3V4,Su2020
CMC544,Chinese_mitten_crab,Crab,Environment,Freshwater,Paired,V3V4,Su2020
CMC545,Chinese_mitten_crab,Crab,Environment,Freshwater,Paired,V3V4,Su2020
CMC546,Chinese_mitten_crab,Crab,Environment,Freshwater,Paired,V3V4,Su2020
CMC547,Chinese_mitten_crab,Crab,Environment,Freshwater,Paired,V3V4,Su2020
CMC548,Chinese_mitten_crab,Crab,Environment,Freshwater,Paired,V3V4,Su2020
CMC549,Chinese_mitten_crab,Crab,Environment,Freshwater,Paired,V3V4,Su2020
CMC550,Chinese_mitten_crab,Crab,Environment,Freshwater,Paired,V3V4,Su2020
CMC551,Chinese_mitten_crab,Crab,Environment,Freshwater,Paired,V3V4,Su2020
CMC552,Chinese_mitten_crab,Crab,Environment,Freshwater,Paired,V3V4,Su2020
CMC553,Chinese_mitten_crab,Crab,Environment,Freshwater,Paired,V3V4,Su2020
CMC554,Chinese_mitten_crab,Crab,Environment,Freshwater,Paired,V3V4,Su2020
CMC56,Chinese_mitten_crab,Crab,Environment,Freshwater,Single,V4V5,Sun2020
CMC57,Chinese_mitten_crab,Crab,Environment,Freshwater,Single,V4V5,Sun2020
CMC58,Chinese_mitten_crab,Crab,Environment,Freshwater,Single,V4V5,Sun2020
CMC59,Chinese_mitten_crab,Crab,Environment,Freshwater,Single,V4V5,Sun2020
CMC60,Chinese_mitten_crab,Crab,Environment,Freshwater,Single,V4V5,Sun2020
CMC61,Chinese_mitten_crab,Crab,Environment,Freshwater,Single,V4V5,Sun2020
CMC62,Chinese_mitten_crab,Crab,Environment,Freshwater,Single,V4V5,Sun2020
CMC63,Chinese_mitten_crab,Crab,Environment,Freshwater,Single,V4V5,Sun2020
CMC64,Chinese_mitten_crab,Crab,Environment,Freshwater,Single,V4V5,Sun2020
CMC65,Chinese_mitten_crab,Crab,Environment,Freshwater,Single,V4V5,Sun2020
CMC67,Chinese_mitten_crab,Crab,Environment,Freshwater,Single,V4V5,Sun2020
CMC68,Chinese_mitten_crab,Crab,Environment,Freshwater,Single,V4V5,Sun2020
CMC69,Chinese_mitten_crab,Crab,Environment,Freshwater,Single,V4V5,Sun2020
CMC70,Chinese_mitten_crab,Crab,Environment,Freshwater,Single,V4V5,Sun2020
CMC71,Chinese_mitten_crab,Crab,Environment,Freshwater,Single,V4V5,Sun2020
CMC72,Chinese_mitten_crab,Crab,Environment,Freshwater,Single,V4V5,Sun2020
CMC73,Chinese_mitten_crab,Crab,Environment,Freshwater,Single,V4V5,Sun2020
CMC74,Chinese_mitten_crab,Crab,Environment,Freshwater,Single,V4V5,Sun2020
CMC75,Chinese_mitten_crab,Crab,Environment,Freshwater,Single,V4V5,Sun2020
CMC76,Chinese_mitten_crab,Crab,Environment,Freshwater,Single,V4V5,Sun2020
CMC77,Chinese_mitten_crab,Crab,Environment,Freshwater,Single,V4V5,Sun2020
CMC78,Chinese_mitten_crab,Crab,Environment,Freshwater,Single,V4V5,Sun2020
CMC79,Chinese_mitten_crab,Crab,Environment,Freshwater,Single,V4V5,Sun2020
CMC80,Chinese_mitten_crab,Crab,Environment,Freshwater,Single,V4V5,Sun2020
CMC81,Chinese_mitten_crab,Crab,Environment,Freshwater,Single,V4V5,Sun2020
CMC82,Chinese_mitten_crab,Crab,Environment,Freshwater,Single,V4V5,Sun2020
CMC83,Chinese_mitten_crab,Crab,Environment,Freshwater,Single,V4V5,Sun2020
CMC84,Chinese_mitten_crab,Crab,Environment,Freshwater,Single,V4V5,Sun2020
CMC85,Chinese_mitten_crab,Crab,Environment,Freshwater,Single,V4V5,Sun2020
CMC86,Chinese_mitten_crab,Crab,Environment,Freshwater,Single,V4V5,Sun2020
CMC87,Chinese_mitten_crab,Crab,Environment,Freshwater,Single,V4V5,Sun2020
CMC88,Chinese_mitten_crab,Crab,Environment,Freshwater,Single,V4V5,Sun2020
CMC89,Chinese_mitten_crab,Crab,Environment,Freshwater,Single,V4V5,Sun2020
CMC90,Chinese_mitten_crab,Crab,Environment,Freshwater,Single,V4V5,Sun2020
CMC91,Chinese_mitten_crab,Crab,Environment,Freshwater,Single,V4V5,Sun2020
CMC92,Chinese_mitten_crab,Crab,Environment,Freshwater,Single,V4V5,Sun2020
CMC93,Chinese_mitten_crab,Crab,Environment,Freshwater,Single,V4V5,Sun2020
CMC94,Chinese_mitten_crab,Crab,Environment,Freshwater,Single,V4V5,Sun2020
CMC95,Chinese_mitten_crab,Crab,Environment,Freshwater,Single,V4V5,Sun2020
CMC96,Chinese_mitten_crab,Crab,Environment,Freshwater,Single,V4V5,Sun2020
CMC97,Chinese_mitten_crab,Crab,Environment,Freshwater,Single,V4V5,Sun2020
CMC98,Chinese_mitten_crab,Crab,Environment,Freshwater,Single,V4V5,Sun2020
CMC99,Chinese_mitten_crab,Crab,Environment,Freshwater,Single,V4V5,Sun2020
D2A,Marron,Crayfish,Diet,Freshwater,Paired,V3V4,Foysal2020b
D2B,Marron,Crayfish,Diet,Freshwater,Paired,V3V4,Foysal2020b
D2C,Marron,Crayfish,Diet,Freshwater,Paired,V3V4,Foysal2020b
D2D,Marron,Crayfish,Diet,Freshwater,Paired,V3V4,Foysal2020b
D2E,Marron,Crayfish,Diet,Freshwater,Paired,V3V4,Foysal2020b
D2F,Marron,Crayfish,Diet,Freshwater,Paired,V3V4,Foysal2020b
EL533,European_lobster,Lobster,Environment,Saltwater,Paired,V3V4,Holt2020
EL534,European_lobster,Lobster,Environment,Saltwater,Paired,V3V4,Holt2020
EL535,European_lobster,Lobster,Environment,Saltwater,Paired,V3V4,Holt2020
EL536,European_lobster,Lobster,Environment,Saltwater,Paired,V3V4,Holt2020
EL537,European_lobster,Lobster,Environment,Saltwater,Paired,V3V4,Holt2020
EL538,European_lobster,Lobster,Environment,Saltwater,Paired,V3V4,Holt2020
EL539,European_lobster,Lobster,Environment,Saltwater,Paired,V3V4,Holt2020
EL540,European_lobster,Lobster,Environment,Saltwater,Paired,V3V4,Holt2020
EL541,European_lobster,Lobster,Environment,Saltwater,Paired,V3V4,Holt2020
EL542,European_lobster,Lobster,Environment,Saltwater,Paired,V3V4,Holt2020
EL543,European_lobster,Lobster,Environment,Saltwater,Paired,V3V4,Holt2020
EL544,European_lobster,Lobster,Environment,Saltwater,Paired,V3V4,Holt2020
EL545,European_lobster,Lobster,Environment,Saltwater,Paired,V3V4,Holt2020
EL546,European_lobster,Lobster,Environment,Saltwater,Paired,V3V4,Holt2020
EL547,European_lobster,Lobster,Environment,Saltwater,Paired,V3V4,Holt2020
EL548,European_lobster,Lobster,Environment,Saltwater,Paired,V3V4,Holt2020
EL549,European_lobster,Lobster,Environment,Saltwater,Paired,V3V4,Holt2020
EL550,European_lobster,Lobster,Environment,Saltwater,Paired,V3V4,Holt2020
EL551,European_lobster,Lobster,Environment,Saltwater,Paired,V3V4,Holt2020
EL552,European_lobster,Lobster,Environment,Saltwater,Paired,V3V4,Holt2020
EL553,European_lobster,Lobster,Environment,Saltwater,Paired,V3V4,Holt2020
EL554,European_lobster,Lobster,Environment,Saltwater,Paired,V3V4,Holt2020
EL555,European_lobster,Lobster,Environment,Saltwater,Paired,V3V4,Holt2020
EL556,European_lobster,Lobster,Environment,Saltwater,Paired,V3V4,Holt2020
EL557,European_lobster,Lobster,Environment,Saltwater,Paired,V3V4,Holt2020
EL558,European_lobster,Lobster,Environment,Saltwater,Paired,V3V4,Holt2020
EL559,European_lobster,Lobster,Environment,Saltwater,Paired,V3V4,Holt2020
EL560,European_lobster,Lobster,Environment,Saltwater,Paired,V3V4,Holt2020
EL561,European_lobster,Lobster,Environment,Saltwater,Paired,V3V4,Holt2020
EL562,European_lobster,Lobster,Environment,Saltwater,Paired,V3V4,Holt2020
EL563,European_lobster,Lobster,Environment,Saltwater,Paired,V3V4,Holt2020
EL564,European_lobster,Lobster,Environment,Saltwater,Paired,V3V4,Holt2020
EL566,European_lobster,Lobster,Environment,Saltwater,Paired,V3V4,Holt2020
EL567,European_lobster,Lobster,Environment,Saltwater,Paired,V3V4,Holt2020
EL568,European_lobster,Lobster,Environment,Saltwater,Paired,V3V4,Holt2020
EL569,European_lobster,Lobster,Environment,Saltwater,Paired,V3V4,Holt2020
EL570,European_lobster,Lobster,Environment,Saltwater,Paired,V3V4,Holt2020
EL571,European_lobster,Lobster,Environment,Saltwater,Paired,V3V4,Holt2020
EL572,European_lobster,Lobster,Environment,Saltwater,Paired,V3V4,Holt2020
EL573,European_lobster,Lobster,Environment,Saltwater,Paired,V3V4,Holt2020
EL574,European_lobster,Lobster,Environment,Saltwater,Paired,V3V4,Holt2020
EL575,European_lobster,Lobster,Environment,Saltwater,Paired,V3V4,Holt2020
EL576,European_lobster,Lobster,Environment,Saltwater,Paired,V3V4,Holt2020
EL578,European_lobster,Lobster,Environment,Saltwater,Paired,V3V4,Holt2020
EL579,European_lobster,Lobster,Environment,Saltwater,Paired,V3V4,Holt2020
EL580,European_lobster,Lobster,Environment,Saltwater,Paired,V3V4,Holt2020
EL581,European_lobster,Lobster,Environment,Saltwater,Paired,V3V4,Holt2020
EL582,European_lobster,Lobster,Environment,Saltwater,Paired,V3V4,Holt2020
EL583,European_lobster,Lobster,Environment,Saltwater,Paired,V3V4,Holt2020
EL584,European_lobster,Lobster,Environment,Saltwater,Paired,V3V4,Holt2020
EL585,European_lobster,Lobster,Environment,Saltwater,Paired,V3V4,Holt2020
EL586,European_lobster,Lobster,Environment,Saltwater,Paired,V3V4,Holt2020
EL587,European_lobster,Lobster,Environment,Saltwater,Paired,V3V4,Holt2020
EL588,European_lobster,Lobster,Environment,Saltwater,Paired,V3V4,Holt2020
EL589,European_lobster,Lobster,Environment,Saltwater,Paired,V3V4,Holt2020
EL590,European_lobster,Lobster,Environment,Saltwater,Paired,V3V4,Holt2020
EL591,European_lobster,Lobster,Environment,Saltwater,Paired,V3V4,Holt2020
EL592,European_lobster,Lobster,Environment,Saltwater,Paired,V3V4,Holt2020
EL593,European_lobster,Lobster,Environment,Saltwater,Paired,V3V4,Holt2020
EL594,European_lobster,Lobster,Environment,Saltwater,Paired,V3V4,Holt2020
EL595,European_lobster,Lobster,Environment,Saltwater,Paired,V3V4,Holt2020
EL596,European_lobster,Lobster,Environment,Saltwater,Paired,V3V4,Holt2020
EL597,European_lobster,Lobster,Environment,Saltwater,Paired,V3V4,Holt2020
EL598,European_lobster,Lobster,Environment,Saltwater,Paired,V3V4,Holt2020
EL599,European_lobster,Lobster,Environment,Saltwater,Paired,V3V4,Holt2020
EL600,European_lobster,Lobster,Environment,Saltwater,Paired,V3V4,Holt2020
EL601,European_lobster,Lobster,Environment,Saltwater,Paired,V3V4,Holt2020
EL602,European_lobster,Lobster,Environment,Saltwater,Paired,V3V4,Holt2020
EL603,European_lobster,Lobster,Environment,Saltwater,Paired,V3V4,Holt2020
EL604,European_lobster,Lobster,Environment,Saltwater,Paired,V3V4,Holt2020
EL606,European_lobster,Lobster,Environment,Saltwater,Paired,V3V4,Holt2020
EL607,European_lobster,Lobster,Environment,Saltwater,Paired,V3V4,Holt2020
EL608,European_lobster,Lobster,Environment,Saltwater,Paired,V3V4,Holt2020
EL609,European_lobster,Lobster,Environment,Saltwater,Paired,V3V4,Holt2020
EL610,European_lobster,Lobster,Environment,Saltwater,Paired,V3V4,Holt2020
EL611,European_lobster,Lobster,Environment,Saltwater,Paired,V3V4,Holt2020
EL612,European_lobster,Lobster,Environment,Saltwater,Paired,V3V4,Holt2020
EL613,European_lobster,Lobster,Environment,Saltwater,Paired,V3V4,Holt2020
EL614,European_lobster,Lobster,Environment,Saltwater,Paired,V3V4,Holt2020
EL615,European_lobster,Lobster,Environment,Saltwater,Paired,V3V4,Holt2020
EL616,European_lobster,Lobster,Environment,Saltwater,Paired,V3V4,Holt2020
EL617,European_lobster,Lobster,Environment,Saltwater,Paired,V3V4,Holt2020
EL618,European_lobster,Lobster,Environment,Saltwater,Paired,V3V4,Holt2020
EL619,European_lobster,Lobster,Environment,Saltwater,Paired,V3V4,Holt2020
EL620,European_lobster,Lobster,Environment,Saltwater,Paired,V3V4,Holt2020
EL621,European_lobster,Lobster,Environment,Saltwater,Paired,V3V4,Holt2020
EL622,European_lobster,Lobster,Environment,Saltwater,Paired,V3V4,Holt2020
EL623,European_lobster,Lobster,Environment,Saltwater,Paired,V3V4,Holt2020
EL624,European_lobster,Lobster,Environment,Saltwater,Paired,V3V4,Holt2020
EL625,European_lobster,Lobster,Environment,Saltwater,Paired,V3V4,Holt2020
EL626,European_lobster,Lobster,Environment,Saltwater,Paired,V3V4,Holt2020
EL627,European_lobster,Lobster,Environment,Saltwater,Paired,V3V4,Holt2020
EL628,European_lobster,Lobster,Environment,Saltwater,Paired,V3V4,Holt2020
EL632,European_lobster,Lobster,Environment,Saltwater,Paired,V3V4,Holt2020
EL633,European_lobster,Lobster,Environment,Saltwater,Paired,V3V4,Holt2020
EL634,European_lobster,Lobster,Environment,Saltwater,Paired,V3V4,Holt2020
EL635,European_lobster,Lobster,Environment,Saltwater,Paired,V3V4,Holt2020
EL636,European_lobster,Lobster,Environment,Saltwater,Paired,V3V4,Holt2020
EL637,European_lobster,Lobster,Environment,Saltwater,Paired,V3V4,Holt2020
EL638,European_lobster,Lobster,Environment,Saltwater,Paired,V3V4,Holt2020
EL639,European_lobster,Lobster,Environment,Saltwater,Paired,V3V4,Holt2020
EL640,European_lobster,Lobster,Environment,Saltwater,Paired,V3V4,Holt2020
EL641,European_lobster,Lobster,Environment,Saltwater,Paired,V3V4,Holt2020
EL642,European_lobster,Lobster,Environment,Saltwater,Paired,V3V4,Holt2020
EL643,European_lobster,Lobster,Environment,Saltwater,Paired,V3V4,Holt2020
EL644,European_lobster,Lobster,Environment,Saltwater,Paired,V3V4,Holt2020
EL645,European_lobster,Lobster,Environment,Saltwater,Paired,V3V4,Holt2020
EL646,European_lobster,Lobster,Environment,Saltwater,Paired,V3V4,Holt2020
EL647,European_lobster,Lobster,Environment,Saltwater,Paired,V3V4,Holt2020
EL648,European_lobster,Lobster,Environment,Saltwater,Paired,V3V4,Holt2020
EL649,European_lobster,Lobster,Environment,Saltwater,Paired,V3V4,Holt2020
EL650,European_lobster,Lobster,Environment,Saltwater,Paired,V3V4,Holt2020
EL651,European_lobster,Lobster,Environment,Saltwater,Paired,V3V4,Holt2020
EL652,European_lobster,Lobster,Environment,Saltwater,Paired,V3V4,Holt2020
EL653,European_lobster,Lobster,Environment,Saltwater,Paired,V3V4,Holt2020
EL654,European_lobster,Lobster,Environment,Saltwater,Paired,V3V4,Holt2020
EL655,European_lobster,Lobster,Environment,Saltwater,Paired,V3V4,Holt2020
EL656,European_lobster,Lobster,Environment,Saltwater,Paired,V3V4,Holt2020
EL657,European_lobster,Lobster,Environment,Saltwater,Paired,V3V4,Holt2020
EL658,European_lobster,Lobster,Environment,Saltwater,Paired,V3V4,Holt2020
EL659,European_lobster,Lobster,Environment,Saltwater,Paired,V3V4,Holt2020
EL660,European_lobster,Lobster,Environment,Saltwater,Paired,V3V4,Holt2020
EL661,European_lobster,Lobster,Environment,Saltwater,Paired,V3V4,Holt2020
EL662,European_lobster,Lobster,Environment,Saltwater,Paired,V3V4,Holt2020
EL663,European_lobster,Lobster,Environment,Saltwater,Paired,V3V4,Holt2020
EL664,European_lobster,Lobster,Environment,Saltwater,Paired,V3V4,Holt2020
EL665,European_lobster,Lobster,Environment,Saltwater,Paired,V3V4,Holt2020
EL666,European_lobster,Lobster,Environment,Saltwater,Paired,V3V4,Holt2020
EL667,European_lobster,Lobster,Environment,Saltwater,Paired,V3V4,Holt2020
EL668,European_lobster,Lobster,Environment,Saltwater,Paired,V3V4,Holt2020
EL669,European_lobster,Lobster,Environment,Saltwater,Paired,V3V4,Holt2020
EL670,European_lobster,Lobster,Environment,Saltwater,Paired,V3V4,Holt2020
EL671,European_lobster,Lobster,Environment,Saltwater,Paired,V3V4,Holt2020
EL672,European_lobster,Lobster,Environment,Saltwater,Paired,V3V4,Holt2020
EL673,European_lobster,Lobster,Environment,Saltwater,Paired,V3V4,Holt2020
EL674,European_lobster,Lobster,Environment,Saltwater,Paired,V3V4,Holt2020
EL675,European_lobster,Lobster,Environment,Saltwater,Paired,V3V4,Holt2020
EL676,European_lobster,Lobster,Environment,Saltwater,Paired,V3V4,Holt2020
EL677,European_lobster,Lobster,Environment,Saltwater,Paired,V3V4,Holt2020
EL678,European_lobster,Lobster,Environment,Saltwater,Paired,V3V4,Holt2020
EL679,European_lobster,Lobster,Environment,Saltwater,Paired,V3V4,Holt2020
EL680,European_lobster,Lobster,Environment,Saltwater,Paired,V3V4,Holt2020
EL681,European_lobster,Lobster,Environment,Saltwater,Paired,V3V4,Holt2020
EL682,European_lobster,Lobster,Environment,Saltwater,Paired,V3V4,Holt2020
EL683,European_lobster,Lobster,Environment,Saltwater,Paired,V3V4,Holt2020
EL688,European_lobster,Lobster,Environment,Saltwater,Paired,V3V4,Holt2020
EL689,European_lobster,Lobster,Environment,Saltwater,Paired,V3V4,Holt2020
EL691,European_lobster,Lobster,Environment,Saltwater,Paired,V3V4,Holt2020
EL692,European_lobster,Lobster,Environment,Saltwater,Paired,V3V4,Holt2020
EL694,European_lobster,Lobster,Environment,Saltwater,Paired,V3V4,Holt2020
EL695,European_lobster,Lobster,Environment,Saltwater,Paired,V3V4,Holt2020
EL696,European_lobster,Lobster,Environment,Saltwater,Paired,V3V4,Holt2020
EL697,European_lobster,Lobster,Environment,Saltwater,Paired,V3V4,Holt2020
EL698,European_lobster,Lobster,Environment,Saltwater,Paired,V3V4,Holt2020
EL699,European_lobster,Lobster,Environment,Saltwater,Paired,V3V4,Holt2020
EL700,European_lobster,Lobster,Environment,Saltwater,Paired,V3V4,Holt2020
EL701,European_lobster,Lobster,Environment,Saltwater,Paired,V3V4,Holt2020
EL702,European_lobster,Lobster,Environment,Saltwater,Paired,V3V4,Holt2020
EL703,European_lobster,Lobster,Environment,Saltwater,Paired,V3V4,Holt2020
EL704,European_lobster,Lobster,Environment,Saltwater,Paired,V3V4,Holt2020
EL705,European_lobster,Lobster,Environment,Saltwater,Paired,V3V4,Holt2020
FS358,Freshwater_shrimp,Shrimp,Environment,Freshwater,Single,V3V4,Mente2016
FS359,Freshwater_shrimp,Shrimp,Environment,Freshwater,Single,V3V4,Mente2016
FS360,Freshwater_shrimp,Shrimp,Environment,Freshwater,Single,V3V4,Mente2016
FS367,Freshwater_shrimp,Shrimp,Environment,Freshwater,Single,V3V4,Mente2016
FS368,Freshwater_shrimp,Shrimp,Environment,Freshwater,Single,V3V4,Mente2016
FS369,Freshwater_shrimp,Shrimp,Environment,Freshwater,Single,V3V4,Mente2016
FS376,Freshwater_shrimp,Shrimp,Environment,Freshwater,Single,V3V4,Mente2016
FS377,Freshwater_shrimp,Shrimp,Environment,Freshwater,Single,V3V4,Mente2016
FS378,Freshwater_shrimp,Shrimp,Environment,Freshwater,Single,V3V4,Mente2016
FS385,Freshwater_shrimp,Shrimp,Environment,Freshwater,Single,V3V4,Mente2016
FS386,Freshwater_shrimp,Shrimp,Environment,Freshwater,Single,V3V4,Mente2016
FS387,Freshwater_shrimp,Shrimp,Environment,Freshwater,Single,V3V4,Mente2016
FS398,Freshwater_shrimp,Shrimp,Environment,Freshwater,Single,V3V4,Mente2016
FS399,Freshwater_shrimp,Shrimp,Environment,Freshwater,Single,V3V4,Mente2016
FS400,Freshwater_shrimp,Shrimp,Environment,Freshwater,Single,V3V4,Mente2016
FS401,Freshwater_shrimp,Shrimp,Environment,Freshwater,Single,V3V4,Mente2016
FS402,Freshwater_shrimp,Shrimp,Environment,Freshwater,Single,V3V4,Mente2016
FS403,Freshwater_shrimp,Shrimp,Environment,Freshwater,Single,V3V4,Mente2016
FS404,Freshwater_shrimp,Shrimp,Environment,Freshwater,Single,V3V4,Mente2016
FS405,Freshwater_shrimp,Shrimp,Environment,Freshwater,Single,V3V4,Mente2016
FS406,Freshwater_shrimp,Shrimp,Environment,Freshwater,Single,V3V4,Mente2016
FS407,Freshwater_shrimp,Shrimp,Environment,Freshwater,Single,V3V4,Mente2016
FS408,Freshwater_shrimp,Shrimp,Environment,Freshwater,Single,V3V4,Mente2016
FS409,Freshwater_shrimp,Shrimp,Environment,Freshwater,Single,V3V4,Mente2016
FS429,Freshwater_shrimp,Shrimp,Environment,Freshwater,Single,V3V4,Mente2016
FS433,Freshwater_shrimp,Shrimp,Environment,Freshwater,Single,V3V4,Mente2016
FS440,Freshwater_shrimp,Shrimp,Environment,Freshwater,Single,V3V4,Mente2016
FS441,Freshwater_shrimp,Shrimp,Environment,Freshwater,Single,V3V4,Mente2016
FS444,Freshwater_shrimp,Shrimp,Environment,Freshwater,Single,V3V4,Mente2016
FS449,Freshwater_shrimp,Shrimp,Environment,Freshwater,Single,V3V4,Mente2016
FS450,Freshwater_shrimp,Shrimp,Environment,Freshwater,Single,V3V4,Mente2016
FS455,Freshwater_shrimp,Shrimp,Environment,Freshwater,Single,V3V4,Mente2016
FS456,Freshwater_shrimp,Shrimp,Environment,Freshwater,Single,V3V4,Mente2016
FS463,Freshwater_shrimp,Shrimp,Environment,Freshwater,Single,V3V4,Mente2016
FS464,Freshwater_shrimp,Shrimp,Environment,Freshwater,Single,V3V4,Mente2016
FS465,Freshwater_shrimp,Shrimp,Environment,Freshwater,Single,V3V4,Mente2016
MC61,Mud_crab,Crab,Environment,Saltwater,Single,V3V4,Tang2020
MC62,Mud_crab,Crab,Environment,Saltwater,Single,V3V4,Tang2020
MC63,Mud_crab,Crab,Environment,Saltwater,Single,V3V4,Tang2020
MC64,Mud_crab,Crab,Environment,Saltwater,Single,V3V4,Tang2020
MC65,Mud_crab,Crab,Environment,Saltwater,Single,V3V4,Tang2020
MC66,Mud_crab,Crab,Environment,Saltwater,Single,V3V4,Tang2020
MC67,Mud_crab,Crab,Environment,Saltwater,Single,V3V4,Tang2020
MC68,Mud_crab,Crab,Environment,Saltwater,Single,V3V4,Tang2020
MC69,Mud_crab,Crab,Environment,Saltwater,Single,V3V4,Tang2020
MC70,Mud_crab,Crab,Environment,Saltwater,Single,V3V4,Tang2020
MC71,Mud_crab,Crab,Environment,Saltwater,Single,V3V4,Tang2020
MC72,Mud_crab,Crab,Environment,Saltwater,Single,V3V4,Tang2020
MC73,Mud_crab,Crab,Environment,Saltwater,Single,V3V4,Tang2020
MC74,Mud_crab,Crab,Environment,Saltwater,Single,V3V4,Tang2020
MC75,Mud_crab,Crab,Environment,Saltwater,Single,V3V4,Tang2020
MC76,Mud_crab,Crab,Environment,Saltwater,Single,V3V4,Tang2020
MC77,Mud_crab,Crab,Environment,Saltwater,Single,V3V4,Tang2020
MC78,Mud_crab,Crab,Environment,Saltwater,Single,V3V4,Tang2020
MC79,Mud_crab,Crab,Environment,Saltwater,Single,V3V4,Tang2020
MC80,Mud_crab,Crab,Environment,Saltwater,Single,V3V4,Tang2020
MC81,Mud_crab,Crab,Environment,Saltwater,Single,V3V4,Tang2020
MC82,Mud_crab,Crab,Environment,Saltwater,Single,V3V4,Tang2020
MC83,Mud_crab,Crab,Environment,Saltwater,Single,V3V4,Tang2020
MC84,Mud_crab,Crab,Environment,Saltwater,Single,V3V4,Tang2020
RC19,Red-Claws,Crayfish,Environment,Freshwater,Paired,V3V4,Unpublished2019
RC20,Red-Claws,Crayfish,Environment,Freshwater,Paired,V3V4,Unpublished2019
RC21,Red-Claws,Crayfish,Environment,Freshwater,Paired,V3V4,Unpublished2019
RC22,Red-Claws,Crayfish,Environment,Freshwater,Paired,V3V4,Unpublished2019
RC23,Red-Claws,Crayfish,Environment,Freshwater,Paired,V3V4,Unpublished2019
RC82,Red-Claws,Crayfish,Environment,Freshwater,Single,V4,Liu2020a
RC83,Red-Claws,Crayfish,Environment,Freshwater,Single,V4,Liu2020a
RC84,Red-Claws,Crayfish,Environment,Freshwater,Single,V4,Liu2020a
RC85,Red-Claws,Crayfish,Environment,Freshwater,Single,V4,Liu2020a
RC86,Red-Claws,Crayfish,Environment,Freshwater,Single,V4,Liu2020a
RC87,Red-Claws,Crayfish,Environment,Freshwater,Single,V4,Liu2020a
RC88,Red-Claws,Crayfish,Environment,Freshwater,Single,V4,Liu2020a
RC89,Red-Claws,Crayfish,Environment,Freshwater,Single,V4,Liu2020a
RC90,Red-Claws,Crayfish,Environment,Freshwater,Single,V4,Liu2020a
RC91,Red-Claws,Crayfish,Environment,Freshwater,Single,V4,Liu2020a
RC92,Red-Claws,Crayfish,Environment,Freshwater,Single,V4,Liu2020a
RC93,Red-Claws,Crayfish,Environment,Freshwater,Single,V4,Liu2020a
RC94,Red-Claws,Crayfish,Environment,Freshwater,Single,V4,Liu2020a
RC95,Red-Claws,Crayfish,Environment,Freshwater,Single,V4,Liu2020a
RC96,Red-Claws,Crayfish,Environment,Freshwater,Single,V4,Liu2020a
RC97,Red-Claws,Crayfish,Environment,Freshwater,Single,V4,Liu2020a
RP42,River_prawn,Prawn,Environment,Freshwater,Single,V1V2,Tzeng2015
RP44,River_prawn,Prawn,Environment,Freshwater,Single,V1V2,Chen2017
RP45,River_prawn,Prawn,Environment,Freshwater,Single,V1V2,Chen2017
RP46,River_prawn,Prawn,Environment,Freshwater,Single,V1V2,Chen2017
RP47,River_prawn,Prawn,Environment,Freshwater,Single,V1V2,Chen2017
RP52,River_prawn,Prawn,Environment,Freshwater,Paired,V3V4,Zhao2018
RP53,River_prawn,Prawn,Environment,Freshwater,Paired,V3V4,Zhao2018
RP54,River_prawn,Prawn,Environment,Freshwater,Paired,V3V4,Zhao2018
RP55,River_prawn,Prawn,Environment,Freshwater,Paired,V3V4,Zhao2018
RP56,River_prawn,Prawn,Environment,Freshwater,Paired,V3V4,Zhao2018
RP57,River_prawn,Prawn,Environment,Freshwater,Paired,V3V4,Zhao2018
RP58,River_prawn,Prawn,Environment,Freshwater,Paired,V3V4,Zhao2018
RP59,River_prawn,Prawn,Environment,Freshwater,Paired,V3V4,Zhao2018
RP60,River_prawn,Prawn,Environment,Freshwater,Paired,V3V4,Zhao2018
RP61,River_prawn,Prawn,Environment,Freshwater,Paired,V3V4,Zhao2018
RP62,River_prawn,Prawn,Environment,Freshwater,Paired,V3V4,Zhao2018
RP63,River_prawn,Prawn,Environment,Freshwater,Paired,V3V4,Zhao2018
RP64,River_prawn,Prawn,Environment,Freshwater,Paired,V3V4,Zhao2018
RP65,River_prawn,Prawn,Environment,Freshwater,Paired,V3V4,Zhao2018
RP66,River_prawn,Prawn,Environment,Freshwater,Paired,V3V4,Zhao2018
RP67,River_prawn,Prawn,Environment,Freshwater,Paired,V3V4,Zhao2018
RP68,River_prawn,Prawn,Environment,Freshwater,Paired,V3V4,Zhao2018
RP69,River_prawn,Prawn,Environment,Freshwater,Paired,V3V4,Zhao2018
RP70,River_prawn,Prawn,Environment,Freshwater,Paired,V3V4,Zhao2018
RP71,River_prawn,Prawn,Environment,Freshwater,Paired,V3V4,Zhao2018
RP72,River_prawn,Prawn,Environment,Freshwater,Paired,V3V4,Zhao2018
RP73,River_prawn,Prawn,Environment,Freshwater,Paired,V3V4,Zhao2018
RP74,River_prawn,Prawn,Environment,Freshwater,Paired,V3V4,Zhao2018
RP75,River_prawn,Prawn,Environment,Freshwater,Paired,V3V4,Zhao2018
RP76,River_prawn,Prawn,Environment,Freshwater,Paired,V3V4,Zhao2018
RP77,River_prawn,Prawn,Environment,Freshwater,Paired,V3V4,Zhao2018
RP78,River_prawn,Prawn,Environment,Freshwater,Paired,V3V4,Zhao2018
RP79,River_prawn,Prawn,Environment,Freshwater,Paired,V3V4,Zhao2018
RP80,River_prawn,Prawn,Environment,Freshwater,Paired,V3V4,Zhao2018
RP81,River_prawn,Prawn,Environment,Freshwater,Paired,V3V4,Zhao2018
RP82,River_prawn,Prawn,Environment,Freshwater,Paired,V3V4,Zhao2018
RP83,River_prawn,Prawn,Environment,Freshwater,Paired,V3V4,Zhao2018
RP84,River_prawn,Prawn,Environment,Freshwater,Paired,V3V4,Zhao2018
RP85,River_prawn,Prawn,Environment,Freshwater,Paired,V3V4,Zhao2018
RP86,River_prawn,Prawn,Environment,Freshwater,Paired,V3V4,Zhao2018
RP87,River_prawn,Prawn,Environment,Freshwater,Paired,V3V4,Zhao2018
RP88,River_prawn,Prawn,Environment,Freshwater,Paired,V3V4,Zhao2018
RP89,River_prawn,Prawn,Environment,Freshwater,Paired,V3V4,Zhao2018
RS076,Red-Swamp,Crayfish,Development_diet,Freshwater,Paired,V3V4,Zhang2020
RS077,Red-Swamp,Crayfish,Development_diet,Freshwater,Paired,V3V4,Zhang2020
RS078,Red-Swamp,Crayfish,Development_diet,Freshwater,Paired,V3V4,Zhang2020
RS079,Red-Swamp,Crayfish,Development_diet,Freshwater,Paired,V3V4,Zhang2020
RS082,Red-Swamp,Crayfish,Development_diet,Freshwater,Paired,V3V4,Zhang2020
RS087,Red-Swamp,Crayfish,Development_diet,Freshwater,Paired,V3V4,Zhang2020
RS088,Red-Swamp,Crayfish,Development_diet,Freshwater,Paired,V3V4,Zhang2020
RS089,Red-Swamp,Crayfish,Development_diet,Freshwater,Paired,V3V4,Zhang2020
RS090,Red-Swamp,Crayfish,Development_diet,Freshwater,Paired,V3V4,Zhang2020
RS091,Red-Swamp,Crayfish,Development_diet,Freshwater,Paired,V3V4,Zhang2020
RS093,Red-Swamp,Crayfish,Development_diet,Freshwater,Paired,V3V4,Zhang2020
RS094,Red-Swamp,Crayfish,Development_diet,Freshwater,Paired,V3V4,Zhang2020
RS095,Red-Swamp,Crayfish,Development_diet,Freshwater,Paired,V3V4,Zhang2020
RS096,Red-Swamp,Crayfish,Development_diet,Freshwater,Paired,V3V4,Zhang2020
RS103,Red-Swamp,Crayfish,Development_diet,Freshwater,Paired,V3V4,Zhang2020
RS104,Red-Swamp,Crayfish,Development_diet,Freshwater,Paired,V3V4,Zhang2020
RS105,Red-Swamp,Crayfish,Development_diet,Freshwater,Paired,V3V4,Zhang2020
RS106,Red-Swamp,Crayfish,Development_diet,Freshwater,Paired,V3V4,Zhang2020
RS107,Red-Swamp,Crayfish,Development_diet,Freshwater,Paired,V3V4,Zhang2020
RS108,Red-Swamp,Crayfish,Development_diet,Freshwater,Paired,V3V4,Zhang2020
RS109,Red-Swamp,Crayfish,Development_diet,Freshwater,Paired,V3V4,Zhang2020
RS110,Red-Swamp,Crayfish,Development_diet,Freshwater,Paired,V3V4,Zhang2020
RS111,Red-Swamp,Crayfish,Development_diet,Freshwater,Paired,V3V4,Zhang2020
RS112,Red-Swamp,Crayfish,Development_diet,Freshwater,Paired,V3V4,Zhang2020
RS115,Red-Swamp,Crayfish,Development_diet,Freshwater,Paired,V3V4,Zhang2020
RS116,Red-Swamp,Crayfish,Development_diet,Freshwater,Paired,V3V4,Zhang2020
RS131,Red-Swamp,Crayfish,Environment,Freshwater,Paired,V3V4,Shui2020
RS132,Red-Swamp,Crayfish,Environment,Freshwater,Paired,V3V4,Shui2020
RS133,Red-Swamp,Crayfish,Environment,Freshwater,Paired,V3V4,Shui2020
RS134,Red-Swamp,Crayfish,Environment,Freshwater,Paired,V3V4,Shui2020
RS135,Red-Swamp,Crayfish,Environment,Freshwater,Paired,V3V4,Shui2020
SL30,Spiny_lobster,Lobster,Development,Saltwater,Single,V1V3,Ooi2017
SL31,Spiny_lobster,Lobster,Development,Saltwater,Single,V1V3,Ooi2017
SL32,Spiny_lobster,Lobster,Development,Saltwater,Single,V1V3,Ooi2017
SL33,Spiny_lobster,Lobster,Development,Saltwater,Single,V1V3,Ooi2017
SL34,Spiny_lobster,Lobster,Development,Saltwater,Single,V1V3,Ooi2017
SL35,Spiny_lobster,Lobster,Development,Saltwater,Single,V1V3,Ooi2017
SL36,Spiny_lobster,Lobster,Development,Saltwater,Single,V1V3,Ooi2017
SL37,Spiny_lobster,Lobster,Development,Saltwater,Single,V1V3,Ooi2017
SL38,Spiny_lobster,Lobster,Development,Saltwater,Single,V1V3,Ooi2017
SL39,Spiny_lobster,Lobster,Development,Saltwater,Single,V1V3,Ooi2017
SL40,Spiny_lobster,Lobster,Development,Saltwater,Single,V1V3,Ooi2017
SL41,Spiny_lobster,Lobster,Development,Saltwater,Single,V1V3,Ooi2017
SL42,Spiny_lobster,Lobster,Development,Saltwater,Single,V1V3,Ooi2017
SL43,Spiny_lobster,Lobster,Development,Saltwater,Single,V1V3,Ooi2017
SL44,Spiny_lobster,Lobster,Development,Saltwater,Single,V1V3,Ooi2017
SL45,Spiny_lobster,Lobster,Development,Saltwater,Single,V1V3,Ooi2017
SL46,Spiny_lobster,Lobster,Development,Saltwater,Single,V1V3,Ooi2017
SL47,Spiny_lobster,Lobster,Development,Saltwater,Single,V1V3,Ooi2017
T1,Marron,Crayfish,Environment,Freshwater,Paired,V3V4,Foysal2020a
T10,Marron,Crayfish,Environment,Freshwater,Paired,V3V4,Foysal2020a
T11,Marron,Crayfish,Environment,Freshwater,Paired,V3V4,Foysal2020a
T12,Marron,Crayfish,Environment,Freshwater,Paired,V3V4,Foysal2020a
T13,Marron,Crayfish,Environment,Freshwater,Paired,V3V4,Tulsankar2021
T14,Marron,Crayfish,Environment,Freshwater,Paired,V3V4,Tulsankar2021
T15,Marron,Crayfish,Environment,Freshwater,Paired,V3V4,Tulsankar2021
T16,Marron,Crayfish,Environment,Freshwater,Paired,V3V4,Tulsankar2021
T17,Marron,Crayfish,Environment,Freshwater,Paired,V3V4,Tulsankar2021
T18,Marron,Crayfish,Environment,Freshwater,Paired,V3V4,Tulsankar2021
T19,Marron,Crayfish,Environment,Freshwater,Paired,V3V4,Tulsankar2021
T2,Marron,Crayfish,Environment,Freshwater,Paired,V3V4,Foysal2020a
T20,Marron,Crayfish,Environment,Freshwater,Paired,V3V4,Tulsankar2021
T21,Marron,Crayfish,Environment,Freshwater,Paired,V3V4,Tulsankar2021
T22,Marron,Crayfish,Environment,Freshwater,Paired,V3V4,Tulsankar2021
T23,Marron,Crayfish,Environment,Freshwater,Paired,V3V4,Tulsankar2021
T24,Marron,Crayfish,Environment,Freshwater,Paired,V3V4,Tulsankar2021
T25,Marron,Crayfish,Environment,Freshwater,Paired,V3V4,Tulsankar2021
T26,Marron,Crayfish,Environment,Freshwater,Paired,V3V4,Tulsankar2021
T27,Marron,Crayfish,Environment,Freshwater,Paired,V3V4,Tulsankar2021
T28,Marron,Crayfish,Environment,Freshwater,Paired,V3V4,Tulsankar2021
T29,Marron,Crayfish,Environment,Freshwater,Paired,V3V4,Tulsankar2021
T3,Marron,Crayfish,Environment,Freshwater,Paired,V3V4,Foysal2020a
T30,Marron,Crayfish,Environment,Freshwater,Paired,V3V4,Tulsankar2021
T31,Marron,Crayfish,Environment,Freshwater,Paired,V3V4,Tulsankar2021
T32,Marron,Crayfish,Environment,Freshwater,Paired,V3V4,Tulsankar2021
T33,Marron,Crayfish,Environment,Freshwater,Paired,V3V4,Tulsankar2021
T34,Marron,Crayfish,Environment,Freshwater,Paired,V3V4,Tulsankar2021
T35,Marron,Crayfish,Environment,Freshwater,Paired,V3V4,Tulsankar2021
T36,Marron,Crayfish,Environment,Freshwater,Paired,V3V4,Tulsankar2021
T37,Marron,Crayfish,Environment,Freshwater,Paired,V3V4,Tulsankar2021
T38,Marron,Crayfish,Environment,Freshwater,Paired,V3V4,Tulsankar2021
T39,Marron,Crayfish,Environment,Freshwater,Paired,V3V4,Tulsankar2021
T4,Marron,Crayfish,Environment,Freshwater,Paired,V3V4,Foysal2020a
T40,Marron,Crayfish,Environment,Freshwater,Paired,V3V4,Tulsankar2021
T41,Marron,Crayfish,Environment,Freshwater,Paired,V3V4,Tulsankar2021
T46,Marron,Crayfish,Environment,Freshwater,Paired,V3V4,Tulsankar2021
T47,Marron,Crayfish,Environment,Freshwater,Paired,V3V4,Tulsankar2021
T48,Marron,Crayfish,Environment,Freshwater,Paired,V3V4,Tulsankar2021
T49,Marron,Crayfish,Environment,Freshwater,Paired,V3V4,Tulsankar2021
T5,Marron,Crayfish,Environment,Freshwater,Paired,V3V4,Foysal2020a
T50,Marron,Crayfish,Environment,Freshwater,Paired,V3V4,Tulsankar2021
T51,Marron,Crayfish,Environment,Freshwater,Paired,V3V4,Tulsankar2021
T52,Marron,Crayfish,Environment,Freshwater,Paired,V3V4,Tulsankar2021
T53,Marron,Crayfish,Environment,Freshwater,Paired,V3V4,Tulsankar2021
T54,Marron,Crayfish,Environment,Freshwater,Paired,V3V4,Tulsankar2021
T55,Marron,Crayfish,Environment,Freshwater,Paired,V3V4,Tulsankar2021
T56,Marron,Crayfish,Environment,Freshwater,Paired,V3V4,Tulsankar2021
T57,Marron,Crayfish,Environment,Freshwater,Paired,V3V4,Tulsankar2021
T6,Marron,Crayfish,Environment,Freshwater,Paired,V3V4,Foysal2020a
T7,Marron,Crayfish,Environment,Freshwater,Paired,V3V4,Foysal2020a
T8,Marron,Crayfish,Environment,Freshwater,Paired,V3V4,Foysal2020a
T9,Marron,Crayfish,Environment,Freshwater,Paired,V3V4,Foysal2020a
TS05,Tiger_shrimp,Shrimp,Health,Saltwater,Paired,V3V4,Oetama2016
TS06,Tiger_shrimp,Shrimp,Health,Saltwater,Paired,V3V4,Oetama2016
TS09,Tiger_shrimp,Shrimp,Health,Saltwater,Paired,V3V4,Oetama2016
TS36,Tiger_shrimp,Shrimp,Development,Saltwater,Paired,V3V4,Angthong2020
TS38,Tiger_shrimp,Shrimp,Development,Saltwater,Paired,V3V4,Angthong2020
TS39,Tiger_shrimp,Shrimp,Development,Saltwater,Paired,V3V4,Angthong2020
TS41,Tiger_shrimp,Shrimp,Development,Saltwater,Paired,V3V4,Angthong2020
TS50,Tiger_shrimp,Shrimp,Development,Saltwater,Paired,V3V4,Angthong2020
TS62,Tiger_shrimp,Shrimp,Growth,Saltwater,Paired,V3V4,Uengwetwanit2020
TS63,Tiger_shrimp,Shrimp,Growth,Saltwater,Paired,V3V4,Uengwetwanit2020
TS65,Tiger_shrimp,Shrimp,Growth,Saltwater,Paired,V3V4,Uengwetwanit2020
TS66,Tiger_shrimp,Shrimp,Growth,Saltwater,Paired,V3V4,Uengwetwanit2020
TS67,Tiger_shrimp,Shrimp,Growth,Saltwater,Paired,V3V4,Uengwetwanit2020
TS68,Tiger_shrimp,Shrimp,Growth,Saltwater,Paired,V3V4,Uengwetwanit2020
TS69,Tiger_shrimp,Shrimp,Growth,Saltwater,Paired,V3V4,Uengwetwanit2020
TS70,Tiger_shrimp,Shrimp,Growth,Saltwater,Paired,V3V4,Uengwetwanit2020
TS71,Tiger_shrimp,Shrimp,Growth,Saltwater,Paired,V3V4,Uengwetwanit2020
TS72,Tiger_shrimp,Shrimp,Growth,Saltwater,Paired,V3V4,Uengwetwanit2020
TS76,Tiger_shrimp,Shrimp,Growth,Saltwater,Paired,V3V4,Uengwetwanit2020
TS77,Tiger_shrimp,Shrimp,Growth,Saltwater,Paired,V3V4,Uengwetwanit2020
TS79,Tiger_shrimp,Shrimp,Growth,Saltwater,Paired,V3V4,Uengwetwanit2020
TS80,Tiger_shrimp,Shrimp,Growth,Saltwater,Paired,V3V4,Uengwetwanit2020
TS81,Tiger_shrimp,Shrimp,Growth,Saltwater,Paired,V3V4,Uengwetwanit2020
TS82,Tiger_shrimp,Shrimp,Growth,Saltwater,Paired,V3V4,Uengwetwanit2020
TS83,Tiger_shrimp,Shrimp,Growth,Saltwater,Paired,V3V4,Uengwetwanit2020
TS84,Tiger_shrimp,Shrimp,Growth,Saltwater,Paired,V3V4,Uengwetwanit2020
TS85,Tiger_shrimp,Shrimp,Growth,Saltwater,Paired,V3V4,Uengwetwanit2020
TS86,Tiger_shrimp,Shrimp,Growth,Saltwater,Paired,V3V4,Uengwetwanit2020
TS90,Tiger_shrimp,Shrimp,Growth,Saltwater,Paired,V3V4,Uengwetwanit2020
TS91,Tiger_shrimp,Shrimp,Growth,Saltwater,Paired,V3V4,Uengwetwanit2020
TS92,Tiger_shrimp,Shrimp,Growth,Saltwater,Paired,V3V4,Uengwetwanit2020
TS93,Tiger_shrimp,Shrimp,Growth,Saltwater,Paired,V3V4,Uengwetwanit2020
TS94,Tiger_shrimp,Shrimp,Growth,Saltwater,Paired,V3V4,Uengwetwanit2020
TS95,Tiger_shrimp,Shrimp,Growth,Saltwater,Paired,V3V4,Uengwetwanit2020
TS96,Tiger_shrimp,Shrimp,Growth,Saltwater,Paired,V3V4,Uengwetwanit2020
TS97,Tiger_shrimp,Shrimp,Growth,Saltwater,Paired,V3V4,Uengwetwanit2020
TS98,Tiger_shrimp,Shrimp,Growth,Saltwater,Paired,V3V4,Uengwetwanit2020
TS99,Tiger_shrimp,Shrimp,Growth,Saltwater,Paired,V3V4,Uengwetwanit2020
WS08,White_shrimp,Shrimp,Environment,Freshwater,Paired,V3V4,González2020
WS09,White_shrimp,Shrimp,Environment,Freshwater,Paired,V3V4,González2021
WS10,White_shrimp,Shrimp,Environment,Freshwater,Paired,V3V4,González2022
WS11,White_shrimp,Shrimp,Environment,Freshwater,Paired,V3V4,González2023
WS12,White_shrimp,Shrimp,Environment,Freshwater,Paired,V3V4,González2024
WS13,White_shrimp,Shrimp,Environment,Freshwater,Paired,V3V4,González2025
WS14,White_shrimp,Shrimp,Environment,Freshwater,Paired,V3V4,González2026
WS15,White_shrimp,Shrimp,Environment,Freshwater,Paired,V3V4,González2027
WS2,White_shrimp,Shrimp,Diet,Saltwater,Single,V3V4,Cao2020
WS20,White_shrimp,Shrimp,Environment,Freshwater,Paired,V3V4,Zoqratt2018
WS21,White_shrimp,Shrimp,Environment,Freshwater,Paired,V3V4,Zoqratt2018
WS22,White_shrimp,Shrimp,Environment,Freshwater,Paired,V3V4,Zoqratt2018
WS23,White_shrimp,Shrimp,Environment,Freshwater,Paired,V3V4,Zoqratt2018
WS24,White_shrimp,Shrimp,Environment,Freshwater,Paired,V3V4,Zoqratt2018
WS25,White_shrimp,Shrimp,Environment,Freshwater,Paired,V3V4,Zoqratt2018
WS26,White_shrimp,Shrimp,Environment,Freshwater,Paired,V3V4,Zoqratt2018
WS27,White_shrimp,Shrimp,Environment,Freshwater,Paired,V3V4,Zoqratt2018
WS28,White_shrimp,Shrimp,Environment,Freshwater,Paired,V3V4,Zoqratt2018
WS29,White_shrimp,Shrimp,Environment,Freshwater,Paired,V3V4,Zoqratt2018
WS3,White_shrimp,Shrimp,Diet,Saltwater,Single,V3V4,Cao2020
WS30,White_shrimp,Shrimp,Environment,Freshwater,Paired,V3V4,Zoqratt2018
WS31,White_shrimp,Shrimp,Environment,Freshwater,Paired,V3V4,Zoqratt2018
WS32,White_shrimp,Shrimp,Environment,Freshwater,Paired,V3V4,Zoqratt2018
WS33,White_shrimp,Shrimp,Environment,Freshwater,Paired,V3V4,Zoqratt2018
WS34,White_shrimp,Shrimp,Environment,Freshwater,Paired,V3V4,Zoqratt2018
WS39,White_shrimp,Shrimp,Diet,Freshwater,Paired,V3V4,Shao2019
WS4,White_shrimp,Shrimp,Diet,Saltwater,Single,V3V4,Cao2020
WS40,White_shrimp,Shrimp,Diet,Freshwater,Paired,V3V4,Shao2019
WS41,White_shrimp,Shrimp,Diet,Freshwater,Paired,V3V4,Shao2019
WS42,White_shrimp,Shrimp,Diet,Freshwater,Paired,V3V4,Shao2019
WS43,White_shrimp,Shrimp,Diet,Freshwater,Paired,V3V4,Shao2019
WS44,White_shrimp,Shrimp,Diet,Freshwater,Paired,V3V4,Shao2019
WS45,White_shrimp,Shrimp,Diet,Freshwater,Paired,V3V4,Shao2019
WS46,White_shrimp,Shrimp,Diet,Freshwater,Paired,V3V4,Shao2019
WS47,White_shrimp,Shrimp,Diet,Freshwater,Paired,V3V4,Shao2019
WS48,White_shrimp,Shrimp,Diet,Freshwater,Paired,V3V4,Shao2019
WS49,White_shrimp,Shrimp,Diet,Freshwater,Paired,V3V4,Shao2019
WS5,White_shrimp,Shrimp,Diet,Saltwater,Single,V3V4,Cao2020
WS50,White_shrimp,Shrimp,Diet,Freshwater,Paired,V3V4,Shao2019
WS51,White_shrimp,Shrimp,Diet,Freshwater,Paired,V3V4,Shao2019
WS52,White_shrimp,Shrimp,Diet,Freshwater,Paired,V3V4,Shao2019
WS53,White_shrimp,Shrimp,Diet,Freshwater,Paired,V3V4,Shao2019
WS54,White_shrimp,Shrimp,Development,Freshwater,Paired,V3V4,Deng2019
WS55,White_shrimp,Shrimp,Development,Freshwater,Paired,V3V4,Deng2019
WS56,White_shrimp,Shrimp,Development,Freshwater,Paired,V3V4,Deng2019
WS57,White_shrimp,Shrimp,Development,Freshwater,Paired,V3V4,Deng2019
WS58,White_shrimp,Shrimp,Development,Freshwater,Paired,V3V4,Deng2019
WS59,White_shrimp,Shrimp,Development,Freshwater,Paired,V3V4,Deng2019
WS6,White_shrimp,Shrimp,Diet,Saltwater,Single,V3V4,Cao2020
WS60,White_shrimp,Shrimp,Development,Freshwater,Paired,V3V4,Deng2019
WS7,White_shrimp,Shrimp,Diet,Saltwater,Single,V3V4,Cao2020
WS74,White_shrimp,Shrimp,Growth_health,Saltwater,Paired,V3V4,Yu2020
WS75,White_shrimp,Shrimp,Growth_health,Saltwater,Paired,V3V4,Yu2020
WS76,White_shrimp,Shrimp,Growth_health,Saltwater,Paired,V3V4,Yu2020
WS77,White_shrimp,Shrimp,Growth_health,Saltwater,Paired,V3V4,Yu2020
WS78,White_shrimp,Shrimp,Growth_health,Saltwater,Paired,V3V4,Yu2020
WS79,White_shrimp,Shrimp,Growth_health,Saltwater,Paired,V3V4,Yu2020
WS80,White_shrimp,Shrimp,Growth_health,Saltwater,Paired,V3V4,Yu2020
WS81,White_shrimp,Shrimp,Growth_health,Saltwater,Paired,V3V4,Yu2020
WS82,White_shrimp,Shrimp,Growth_health,Saltwater,Paired,V3V4,Yu2020
WS820,White_shrimp,Shrimp,Environment,Freshwater,Single,V3V4,Landsman2019
WS821,White_shrimp,Shrimp,Environment,Freshwater,Single,V3V4,Landsman2019
WS822,White_shrimp,Shrimp,Environment,Freshwater,Single,V3V4,Landsman2019
WS823,White_shrimp,Shrimp,Environment,Freshwater,Single,V3V4,Landsman2019
WS824,White_shrimp,Shrimp,Environment,Freshwater,Single,V3V4,Landsman2019
WS825,White_shrimp,Shrimp,Environment,Freshwater,Single,V3V4,Landsman2019
WS826,White_shrimp,Shrimp,Environment,Freshwater,Single,V3V4,Landsman2019
WS827,White_shrimp,Shrimp,Environment,Freshwater,Single,V3V4,Landsman2019
WS828,White_shrimp,Shrimp,Environment,Freshwater,Single,V3V4,Landsman2019
WS829,White_shrimp,Shrimp,Environment,Freshwater,Single,V3V4,Landsman2019
WS83,White_shrimp,Shrimp,Growth_health,Saltwater,Paired,V3V4,Yu2020
WS830,White_shrimp,Shrimp,Environment,Freshwater,Single,V3V4,Landsman2019
WS831,White_shrimp,Shrimp,Environment,Freshwater,Single,V3V4,Landsman2019
WS832,White_shrimp,Shrimp,Environment,Freshwater,Single,V3V4,Landsman2019
WS833,White_shrimp,Shrimp,Environment,Freshwater,Single,V3V4,Landsman2019
WS834,White_shrimp,Shrimp,Environment,Freshwater,Single,V3V4,Landsman2019
WS835,White_shrimp,Shrimp,Environment,Freshwater,Single,V3V4,Landsman2019
WS836,White_shrimp,Shrimp,Environment,Freshwater,Single,V3V4,Landsman2019
WS837,White_shrimp,Shrimp,Environment,Freshwater,Single,V3V4,Landsman2019
WS838,White_shrimp,Shrimp,Environment,Freshwater,Single,V3V4,Landsman2019
WS839,White_shrimp,Shrimp,Environment,Freshwater,Single,V3V4,Landsman2019
WS84,White_shrimp,Shrimp,Growth_health,Saltwater,Paired,V3V4,Yu2020
WS840,White_shrimp,Shrimp,Environment,Freshwater,Single,V3V4,Landsman2019
WS841,White_shrimp,Shrimp,Environment,Freshwater,Single,V3V4,Landsman2019
WS842,White_shrimp,Shrimp,Environment,Freshwater,Single,V3V4,Landsman2019
WS843,White_shrimp,Shrimp,Environment,Freshwater,Single,V3V4,Landsman2019
WS844,White_shrimp,Shrimp,Environment,Freshwater,Single,V3V4,Landsman2019
WS845,White_shrimp,Shrimp,Environment,Freshwater,Single,V3V4,Landsman2019
WS846,White_shrimp,Shrimp,Environment,Freshwater,Single,V3V4,Landsman2019
WS847,White_shrimp,Shrimp,Environment,Freshwater,Single,V3V4,Landsman2019
WS848,White_shrimp,Shrimp,Environment,Freshwater,Single,V3V4,Landsman2019
WS849,White_shrimp,Shrimp,Environment,Freshwater,Single,V3V4,Landsman2019
WS85,White_shrimp,Shrimp,Growth_health,Saltwater,Paired,V3V4,Yu2020
WS86,White_shrimp,Shrimp,Environment,Saltwater,Paired,V3V4,Gainza2020
WS87,White_shrimp,Shrimp,Environment,Saltwater,Paired,V3V4,Gainza2020
WS88,White_shrimp,Shrimp,Environment,Saltwater,Paired,V3V4,Gainza2020
WS89,White_shrimp,Shrimp,Environment,Saltwater,Paired,V3V4,Gainza2020
WS90,White_shrimp,Shrimp,Environment,Saltwater,Paired,V3V4,Gainza2020
WS91,White_shrimp,Shrimp,Environment,Saltwater,Paired,V3V4,Gainza2020
WS934,White_shrimp,Shrimp,Environment,Freshwater,Single,V3V4,Landsman2019
WS935,White_shrimp,Shrimp,Environment,Freshwater,Single,V3V4,Landsman2019
WS936,White_shrimp,Shrimp,Environment,Freshwater,Single,V3V4,Landsman2019
WS937,White_shrimp,Shrimp,Environment,Freshwater,Single,V3V4,Landsman2019
WS938,White_shrimp,Shrimp,Environment,Freshwater,Single,V3V4,Landsman2019
WS939,White_shrimp,Shrimp,Environment,Freshwater,Single,V3V4,Landsman2019
WS940,White_shrimp,Shrimp,Environment,Freshwater,Single,V3V4,Landsman2019
WS941,White_shrimp,Shrimp,Environment,Freshwater,Single,V3V4,Landsman2019
WS942,White_shrimp,Shrimp,Environment,Freshwater,Single,V3V4,Landsman2019
WS943,White_shrimp,Shrimp,Environment,Freshwater,Single,V3V4,Landsman2019
WS944,White_shrimp,Shrimp,Environment,Freshwater,Single,V3V4,Landsman2019
WS945,White_shrimp,Shrimp,Environment,Freshwater,Single,V3V4,Landsman2019
WS946,White_shrimp,Shrimp,Environment,Freshwater,Single,V3V4,Landsman2019
WS947,White_shrimp,Shrimp,Environment,Freshwater,Single,V3V4,Landsman2019
